sampleid	barcode-sequence	linker-sequence	date-collected	cage_number	sex	DOB	age	weight	barcode-name	DNA-conc	amplified-conc	plate	well
MG.01	AAGAACTCATGA	GTGYCAGCMGCCGCGGTAA	12/19/22	426498	M	12/12/22	7	4.33	515rcbc29	23.5	150.01	1	C06
MG.02	GTTGATACGATG	GTGYCAGCMGCCGCGGTAA	12/20/22	426498	M	12/12/22	8	4.66	515rcbc54	8.6	141.52	1	E07
MG.03	TCTCTTTCGACA	GTGYCAGCMGCCGCGGTAA	12/21/22	426498	M	12/12/22	9	5.24	515rcbc52	10.1	143.91	1	E05
MG.04	ACATACTGAGCA	GTGYCAGCMGCCGCGGTAA	12/22/22	426498	M	12/12/22	10	5.49	515rcbc53	10	140.75	1	E06
MG.05	ACCTTACACCTT	GTGYCAGCMGCCGCGGTAA	12/23/22	426498	M	12/12/22	11	5.98	515rcbc37	16.9	148.85	1	D02
MG.06	AATGCGCGTATA	GTGYCAGCMGCCGCGGTAA	12/31/22	408020	M	12/19/22	12	7.5	515rcbc32	19.9	143.41	1	C09
MG.07	CACGTTTATTCC	GTGYCAGCMGCCGCGGTAA	1/1/23	408020	M	12/19/22	13	8.56	515rcbc22	27.8	141.76	1	B11
MG.08	AGCCCTGCTACA	GTGYCAGCMGCCGCGGTAA	1/4/23	431580	M	12/21/22	14	7.07	515rcbc2	58	153.93	1	A03
MG.11	CCTCACTAGCGA	GTGYCAGCMGCCGCGGTAA	1/9/23	426499	M	1/2/23	7	3.69	515rcbc138	2.1	135.54	2	D07
MG.12	TGAGACCCTACA	GTGYCAGCMGCCGCGGTAA	1/11/23	420177	M	1/3/23	8	4.05	515rcbc56	8.1	140.76	1	E09
MG.13	CTTAGTGCAGAA	GTGYCAGCMGCCGCGGTAA	12/31/22	429444	M	12/22/22	9	5.54	515rcbc43	14.3	135.33	1	D08
MG.14	GCGATCACACCT	GTGYCAGCMGCCGCGGTAA	12/31/22	411591	M	12/21/22	10	5.62	515rcbc64	6.6	141.28	1	F05
MG.15	GTAGTAGACCAT	GTGYCAGCMGCCGCGGTAA	1/1/23	411591	M	12/21/22	11	5.92	515rcbc49	11.3	141.76	1	E02
MG.16	AGGATCAGGGAA	GTGYCAGCMGCCGCGGTAA	1/14/23	426499	M	1/2/23	12	7.49	515rcbc45	13.4	144.21	1	D10
MG.17	GCCTATGAGATC	GTGYCAGCMGCCGCGGTAA	1/3/23	411591	M	12/21/22	13	7.15	515rcbc20	31.8	138.43	1	B09
MG.18	TTACACAAAGGC	GTGYCAGCMGCCGCGGTAA	1/4/23	411591	M	12/21/22	14	6.88	515rcbc68	6	141.18	1	F09
MG.21	TCGTTATTCAGT	GTGYCAGCMGCCGCGGTAA	1/9/23	382291	M	1/2/23	7	4.34	515rcbc132	2.6	144.45	2	D01
MG.22	CAAACGCACTAA	GTGYCAGCMGCCGCGGTAA	1/10/23	382291	M	1/2/23	8	4.81	515rcbc65	6.3	146.72	1	F06
MG.23	TACTAACGCGGT	GTGYCAGCMGCCGCGGTAA	12/31/22	406983	M	12/22/23	9	5.5	515rcbc63	6.6	143.13	1	F04
MG.24	TACGGATTATGG	GTGYCAGCMGCCGCGGTAA	12/31/22	429443	M	12/21/22	10	5.73	515rcbc41	15.9	147.22	1	D06
MG.25	TGAGTGGTCTGT	GTGYCAGCMGCCGCGGTAA	1/1/23	429443	M	12/21/22	11	5.22	515rcbc67	6.1	140.82	1	F08
MG.26	TGATGTGCTAAG	GTGYCAGCMGCCGCGGTAA	1/14/23	382291	M	1/2/23	12	6.72	515rcbc48	11.4	144.06	1	E01
MG.27	CTGTCTATACTA	GTGYCAGCMGCCGCGGTAA	12/31/22	418407	M	12/18/22	13	6.22	515rcbc26	26.5	146.68	1	C03
MG.28	CAAGTGAAGGGA	GTGYCAGCMGCCGCGGTAA	1/1/23	418407	M	12/18/22	14	7.24	515rcbc21	31.3	138.28	1	B10
MG.31	TAGCAGTTGCGT	GTGYCAGCMGCCGCGGTAA	12/16/22	382291	M	12/9/22	7	4.07	515rcbc143	1	143.51	2	D12
MG.32	CTAATCAGAGTG	GTGYCAGCMGCCGCGGTAA	12/17/22	382291	M	12/9/22	8	4.69	515rcbc139	2.1	132.28	2	D08
MG.33	GAACCAGTACTC	GTGYCAGCMGCCGCGGTAA	12/20/22	416546	M	12/11/22	9	4.78	515rcbc92	2.9	133.28	1	H09
MG.34	GAGATACAGTTC	GTGYCAGCMGCCGCGGTAA	12/7/22	408020	M	11/27/22	10	4.99	515rcbc35	18.6	155.45	1	C12
MG.35	AGTAAAGATCGT	GTGYCAGCMGCCGCGGTAA	12/23/22	426499	M	12/12/22	11	6.4	515rcbc50	11.1	155.12	1	E03
MG.36	TATGGTACCCAG	GTGYCAGCMGCCGCGGTAA	1/3/23	423787	M	12/22/22	12	7.39	515rcbc5	54	139.55	1	A06
MG.37	AATTTAGGTAGG	GTGYCAGCMGCCGCGGTAA	1/3/23	429443	M	12/21/22	13	8.58	515rcbc7	51	143.44	1	A08
MG.38	CGTATAAATGCG	GTGYCAGCMGCCGCGGTAA	12/31/22	396425	M	12/17/22	14	6.19	515rcbc12	43.3	146.21	1	B01
MG.41	ACGACGCATTTG	GTGYCAGCMGCCGCGGTAA	12/19/22	426498	F	12/12/22	7	4.31	515rcbc69	6	132.53	1	F10
MG.42	GCATATGCACTG	GTGYCAGCMGCCGCGGTAA	12/25/22	395642	F	12/17/22	8	4.44	515rcbc136	2.4	152.06	2	D05
MG.43	CTTATTAAACGT	GTGYCAGCMGCCGCGGTAA	12/20/22	416546	F	12/11/22	9	4.11	515rcbc80	4.9	141.32	1	G09
MG.44	CGTTTGGAATGA	GTGYCAGCMGCCGCGGTAA	12/22/22	426499	F	12/12/22	10	6.55	515rcbc28	24.4	144.89	1	C05
MG.45	TGATATCGTCTT	GTGYCAGCMGCCGCGGTAA	12/23/22	426499	F	12/12/22	11	6.75	515rcbc30	20.2	154.48	1	C07
MG.46	GGTTGCCCTGTA	GTGYCAGCMGCCGCGGTAA	12/31/22	408020	F	12/19/22	12	8.1	515rcbc18	38.3	156.05	1	B07
MG.47	ACTACTGAGGAT	GTGYCAGCMGCCGCGGTAA	1/1/23	408020	F	12/19/22	13	8.94	515rcbc10	48.6	152.66	1	A11
MG.48	CTATGTATTAGT	GTGYCAGCMGCCGCGGTAA	12/31/22	396425	F	12/17/22	14	7.16	515rcbc84	4	124.87	1	H01
MG.51	CTCGCCCTCGCC	GTGYCAGCMGCCGCGGTAA	1/9/23	426499	F	1/2/23	7	4.13	515rcbc51	10.9	143.62	1	E04
MG.52	ACGCTTAACGAC	GTGYCAGCMGCCGCGGTAA	1/10/23	426499	F	1/2/23	8	5.06	515rcbc40	16.1	145.22	1	D05
MG.53	AATCTTGCGCCG	GTGYCAGCMGCCGCGGTAA	12/31/22	406983	F	12/22/22	9	4.17	515rcbc44	13.8	144.42	1	D09
MG.54	GTGGAGTCTCAT	GTGYCAGCMGCCGCGGTAA	1/1/23	423787	F	12/22/22	10	5.72	515rcbc36	17.1	150.08	1	D01
MG.55	ATGCTGCAACAC	GTGYCAGCMGCCGCGGTAA	1/1/23	429443	F	12/21/22	11	5.78	515rcbc13	43	147.49	1	B02
MG.56	TAATCGGTGCCA	GTGYCAGCMGCCGCGGTAA	1/3/23	423787	F	12/22/22	12	6.49	515rcbc23	27.7	145.01	1	B12
MG.57	GACTCAACCAGT	GTGYCAGCMGCCGCGGTAA	12/31/22	418407	F	12/18/22	13	6.5	515rcbc8	51	140.21	1	A09
MG.58	CATATAGCCCGA	GTGYCAGCMGCCGCGGTAA	1/1/23	418407	F	12/18/22	14	7.28	515rcbc19	32.4	135.6	1	B08
MG.61	ATACATGCAAGA	GTGYCAGCMGCCGCGGTAA	1/9/23	416546	F	1/2/23	7	5.49	515rcbc42	15	142.84	1	D07
MG.62	GAAATCTTGAAG	GTGYCAGCMGCCGCGGTAA	1/10/23	416546	F	1/2/23	8	6.09	515rcbc34	18.7	145.65	1	C11
MG.63	ATCTAGTGGCAA	GTGYCAGCMGCCGCGGTAA	12/31/22	429444	F	12/22/22	9	5.3	515rcbc39	16.2	144.18	1	D04
MG.64	TATGCCAGAGAT	GTGYCAGCMGCCGCGGTAA	1/12/23	416546	F	1/2/23	10	7.67	515rcbc27	25.3	149.91	1	C04
MG.65	CTTGATTCTTGA	GTGYCAGCMGCCGCGGTAA	1/13/23	416546	F	1/2/23	11	8.99	515rcbc33	19.9	134.95	1	C10
MG.66	TTCCTTAGTAGT	GTGYCAGCMGCCGCGGTAA	1/14/23	426499	F	1/2/23	12	8.48	515rcbc15	39.8	152.42	1	B04
MG.67	AATTCACCTCCT	GTGYCAGCMGCCGCGGTAA	1/3/23	429443	F	12/21/22	13	8.93	515rcbc11	45.1	143.09	1	A12
MG.68	ACTCGCTCGCTG	GTGYCAGCMGCCGCGGTAA	1/4/23	411591	F	12/21/22	14	7.08	515rcbc14	41.2	148.04	1	B03
MG.71	CGGTATAGCAAT	GTGYCAGCMGCCGCGGTAA	12/16/22	382291	F	12/9/22	7	3.85	515rcbc86	3.8	143	1	H03
MG.72	TGTCAAAGTGAC	GTGYCAGCMGCCGCGGTAA	12/17/22	382291	F	12/9/22	8	4.27	515rcbc83	4.3	146.32	1	G12
MG.74	AATAACTAGGGT	GTGYCAGCMGCCGCGGTAA	12/7/22	408020	F	11/27/22	10	3.38	515rcbc46	13.3	141.37	1	D11
MG.75	CGGGACACCCGA	GTGYCAGCMGCCGCGGTAA	12/20/22	382291	F	12/9/22	11	6.2	515rcbc25	27.1	145.46	1	C02
MG.76	GCCTCTACGTCG	GTGYCAGCMGCCGCGGTAA	12/21/22	382291	F	12/9/22	12	7.56	515rcbc9	51	155.02	1	A10
MG.77	GGTTCATGAACA	GTGYCAGCMGCCGCGGTAA	12/22/22	382291	F	12/9/22	13	9.24	515rcbc78	5.1	142.52	1	G07
MG.78	TAACAATAATTC	GTGYCAGCMGCCGCGGTAA	12/23/22	382291	F	12/9/22	14	9.13	515rcbc79	5	132.6	1	G08
